{
  "MI": {
    "exact_f1": 0.4496100751622447,
    "exact_acc": 0.6635702746365105,
    "lenient_f1": 0.6700815226667812,
    "lenient_acc": 0.755654281098546,
    "classification_report": {
      "Yes": {
        "precision": 0.9158040027605245,
        "recall": 0.6868530020703933,
        "f1-score": 0.784974859509021,
        "support": 1932.0
      },
      "To some extent": {
        "precision": 0.06043956043956044,
        "recall": 0.06321839080459771,
        "f1-score": 0.06179775280898876,
        "support": 174.0
      },
      "No": {
        "precision": 0.3609467455621302,
        "recall": 0.8243243243243243,
        "f1-score": 0.5020576131687243,
        "support": 370.0
      },
      "accuracy": 0.6635702746365105,
      "macro avg": {
        "precision": 0.4457301029207384,
        "recall": 0.5247985723997718,
        "f1-score": 0.4496100751622447,
        "support": 2476.0
      },
      "weighted avg": {
        "precision": 0.7727787208028293,
        "recall": 0.6635702746365105,
        "f1-score": 0.6918762336157596,
        "support": 2476.0
      }
    },
    "confusion_matrix": [
      [
        1327,
        154,
        451
      ],
      [
        74,
        11,
        89
      ],
      [
        48,
        17,
        305
      ]
    ]
  },
  "ML": {
    "exact_f1": 0.43413637214860784,
    "exact_acc": 0.5121163166397416,
    "lenient_f1": 0.6278266374575247,
    "lenient_acc": 0.6490306946688207,
    "classification_report": {
      "Yes": {
        "precision": 0.7737306843267108,
        "recall": 0.45430978613091383,
        "f1-score": 0.5724785626786444,
        "support": 1543.0
      },
      "To some extent": {
        "precision": 0.14824120603015076,
        "recall": 0.2681818181818182,
        "f1-score": 0.19093851132686085,
        "support": 220.0
      },
      "No": {
        "precision": 0.4334470989761092,
        "recall": 0.7124824684431977,
        "f1-score": 0.5389920424403183,
        "support": 713.0
      },
      "accuracy": 0.5121163166397416,
      "macro avg": {
        "precision": 0.45180632977765695,
        "recall": 0.4783246909186432,
        "f1-score": 0.43413637214860784,
        "support": 2476.0
      },
      "weighted avg": {
        "precision": 0.6201644962894644,
        "recall": 0.5121163166397416,
        "f1-score": 0.5289346611328775,
        "support": 2476.0
      }
    },
    "confusion_matrix": [
      [
        701,
        259,
        583
      ],
      [
        80,
        59,
        81
      ],
      [
        125,
        80,
        508
      ]
    ]
  },
  "PG": {
    "exact_f1": 0.44972800502110966,
    "exact_acc": 0.4729402261712439,
    "lenient_f1": 0.6516499168904735,
    "lenient_acc": 0.7104200323101777,
    "classification_report": {
      "Yes": {
        "precision": 0.7159353348729792,
        "recall": 0.44065387348969437,
        "f1-score": 0.5455345358556973,
        "support": 1407.0
      },
      "To some extent": {
        "precision": 0.2510460251046025,
        "recall": 0.35785288270377735,
        "f1-score": 0.29508196721311475,
        "support": 503.0
      },
      "No": {
        "precision": 0.4154535274356103,
        "recall": 0.6554770318021201,
        "f1-score": 0.5085675119945168,
        "support": 566.0
      },
      "accuracy": 0.4729402261712439,
      "macro avg": {
        "precision": 0.46081162913773066,
        "recall": 0.4846612626651973,
        "f1-score": 0.44972800502110966,
        "support": 2476.0
      },
      "weighted avg": {
        "precision": 0.5528044682239306,
        "recall": 0.4729402261712439,
        "f1-score": 0.486204577239927,
        "support": 2476.0
      }
    },
    "confusion_matrix": [
      [
        620,
        436,
        351
      ],
      [
        152,
        180,
        171
      ],
      [
        94,
        101,
        371
      ]
    ]
  },
  "AC": {
    "exact_f1": 0.388684621517462,
    "exact_acc": 0.48909531502423265,
    "lenient_f1": 0.5720043008449265,
    "lenient_acc": 0.5763327948303716,
    "classification_report": {
      "Yes": {
        "precision": 0.6596685082872928,
        "recall": 0.45572519083969465,
        "f1-score": 0.5390519187358916,
        "support": 1310.0
      },
      "To some extent": {
        "precision": 0.1773049645390071,
        "recall": 0.06775067750677506,
        "f1-score": 0.09803921568627451,
        "support": 369.0
      },
      "No": {
        "precision": 0.41188811188811186,
        "recall": 0.739021329987453,
        "f1-score": 0.52896273013022,
        "support": 797.0
      },
      "accuracy": 0.48909531502423265,
      "macro avg": {
        "precision": 0.4162871949048039,
        "recall": 0.42083239944464096,
        "f1-score": 0.388684621517462,
        "support": 2476.0
      },
      "weighted avg": {
        "precision": 0.5080234664564105,
        "recall": 0.48909531502423265,
        "f1-score": 0.47007987885542757,
        "support": 2476.0
      }
    },
    "confusion_matrix": [
      [
        597,
        98,
        615
      ],
      [
        118,
        25,
        226
      ],
      [
        190,
        18,
        589
      ]
    ]
  },
  "meta": {
    "n": 2476,
    "n_parse_ok": 2476
  }
}