{
  "MI": {
    "exact_f1": 0.5338696601021459,
    "exact_acc": 0.7944264943457189,
    "lenient_f1": 0.7073586012442785,
    "lenient_acc": 0.8905492730210016,
    "classification_report": {
      "Yes": {
        "precision": 0.84579219558063,
        "recall": 0.9311594202898551,
        "f1-score": 0.8864252278886425,
        "support": 1932.0
      },
      "To some extent": {
        "precision": 0.22277227722772278,
        "recall": 0.25862068965517243,
        "f1-score": 0.2393617021276596,
        "support": 174.0
      },
      "No": {
        "precision": 0.8367346938775511,
        "recall": 0.3324324324324324,
        "f1-score": 0.4758220502901354,
        "support": 370.0
      },
      "accuracy": 0.7944264943457189,
      "macro avg": {
        "precision": 0.6350997222286346,
        "recall": 0.5074041807924866,
        "f1-score": 0.5338696601021459,
        "support": 2476.0
      },
      "weighted avg": {
        "precision": 0.8006561933901838,
        "recall": 0.7944264943457189,
        "f1-score": 0.77959476375542,
        "support": 2476.0
      }
    },
    "confusion_matrix": [
      [
        1799,
        117,
        16
      ],
      [
        121,
        45,
        8
      ],
      [
        207,
        40,
        123
      ]
    ]
  },
  "ML": {
    "exact_f1": 0.47753186175351453,
    "exact_acc": 0.5932956381260097,
    "lenient_f1": 0.6803034941763727,
    "lenient_acc": 0.7649434571890146,
    "classification_report": {
      "Yes": {
        "precision": 0.7424863387978142,
        "recall": 0.7044718081659106,
        "f1-score": 0.7229797140006651,
        "support": 1543.0
      },
      "To some extent": {
        "precision": 0.13766730401529637,
        "recall": 0.32727272727272727,
        "f1-score": 0.19380888290713325,
        "support": 220.0
      },
      "No": {
        "precision": 0.6339468302658486,
        "recall": 0.43478260869565216,
        "f1-score": 0.5158069883527454,
        "support": 713.0
      },
      "accuracy": 0.5932956381260097,
      "macro avg": {
        "precision": 0.5047001576929864,
        "recall": 0.48884238137809666,
        "f1-score": 0.47753186175351453,
        "support": 2476.0
      },
      "weighted avg": {
        "precision": 0.6574908391066004,
        "recall": 0.5932956381260097,
        "f1-score": 0.6163029223094116,
        "support": 2476.0
      }
    },
    "confusion_matrix": [
      [
        1087,
        303,
        153
      ],
      [
        122,
        72,
        26
      ],
      [
        255,
        148,
        310
      ]
    ]
  },
  "PG": {
    "exact_f1": 0.4430275766142479,
    "exact_acc": 0.6292407108239095,
    "lenient_f1": 0.7093889783965508,
    "lenient_acc": 0.8210823909531503,
    "classification_report": {
      "Yes": {
        "precision": 0.6459163346613546,
        "recall": 0.92181947405828,
        "f1-score": 0.7595900439238653,
        "support": 1407.0
      },
      "To some extent": {
        "precision": 0.12903225806451613,
        "recall": 0.02385685884691849,
        "f1-score": 0.040268456375838924,
        "support": 503.0
      },
      "No": {
        "precision": 0.664,
        "recall": 0.43992932862190814,
        "f1-score": 0.5292242295430393,
        "support": 566.0
      },
      "accuracy": 0.6292407108239095,
      "macro avg": {
        "precision": 0.47964953090862356,
        "recall": 0.46186855384236886,
        "f1-score": 0.4430275766142479,
        "support": 2476.0
      },
      "weighted avg": {
        "precision": 0.5450450358138035,
        "recall": 0.6292407108239095,
        "f1-score": 0.5607993292727326,
        "support": 2476.0
      }
    },
    "confusion_matrix": [
      [
        1297,
        35,
        75
      ],
      [
        440,
        12,
        51
      ],
      [
        271,
        46,
        249
      ]
    ]
  },
  "AC": {
    "exact_f1": 0.4095713918831079,
    "exact_acc": 0.6102584814216478,
    "lenient_f1": 0.6549657214972238,
    "lenient_acc": 0.7419224555735057,
    "classification_report": {
      "Yes": {
        "precision": 0.5984174085064293,
        "recall": 0.9236641221374046,
        "f1-score": 0.7262905162064826,
        "support": 1310.0
      },
      "To some extent": {
        "precision": 0.2222222222222222,
        "recall": 0.01084010840108401,
        "f1-score": 0.020671834625323,
        "support": 369.0
      },
      "No": {
        "precision": 0.6811926605504587,
        "recall": 0.3726474278544542,
        "f1-score": 0.48175182481751827,
        "support": 797.0
      },
      "accuracy": 0.6102584814216478,
      "macro avg": {
        "precision": 0.5006107637597034,
        "recall": 0.43571721946431424,
        "f1-score": 0.4095713918831079,
        "support": 2476.0
      },
      "weighted avg": {
        "precision": 0.568997316479054,
        "recall": 0.6102584814216478,
        "f1-score": 0.5424170789930527,
        "support": 2476.0
      }
    },
    "confusion_matrix": [
      [
        1210,
        8,
        92
      ],
      [
        318,
        4,
        47
      ],
      [
        494,
        6,
        297
      ]
    ]
  },
  "meta": {
    "n": 2476,
    "n_parse_ok": 2470
  }
}